outcome,event_date,n_days,level_change,ci_low,ci_high,p_value_hac,post_slope,r_squared,topic,unit,window
conflict_energy_count,2022-02-24,61,92.7251665311719,55.47097933008324,138.90625745406143,2.1434594658148564e-09,-0.026853588941807782,0.8544819060353909,Conflict and energy,%,30
conflict_energy_count,2022-02-24,115,98.0204762821543,67.64924144690461,133.8937455880462,8.79183961148876e-16,-0.017915690581983244,0.8835390436657279,Conflict and energy,%,60
conflict_energy_count,2022-02-24,145,79.45428591697832,52.54523085033988,111.11011176460424,1.7290751816580315e-12,-0.013570669472790054,0.860997955941856,Conflict and energy,%,90
conflict_energy_tone,2022-02-24,61,-1.0321938864642848,-1.3854700153089528,-0.6789177576196168,1.0241393453755644e-08,0.04898254165334946,0.7122782109857,Conflict and energy,AvgTone,30
conflict_energy_tone,2022-02-24,115,-0.8087944837039789,-1.0794768373471162,-0.5381121300608416,4.72870930836927e-09,0.026118218414329993,0.6707317803307185,Conflict and energy,AvgTone,60
conflict_energy_tone,2022-02-24,145,-0.7215972968875723,-0.9906320345069981,-0.45256255926814665,1.4637968984425995e-07,0.022171994483337887,0.6447029033607585,Conflict and energy,AvgTone,90
sanctions_energy_count,2022-02-24,61,293.37543238485284,152.5197115325564,512.8006002573758,1.3968400990582223e-09,-0.06860080104354212,0.8601673098742172,Sanctions and energy,%,30
sanctions_energy_count,2022-02-24,115,246.60970345801744,140.88753829792205,398.7318454916152,2.1472946143810257e-11,-0.05482159581064408,0.8809259006064621,Sanctions and energy,%,60
sanctions_energy_count,2022-02-24,145,200.75367808447777,109.56077764182143,331.63026926700195,2.3180275173208156e-09,-0.049000507829581694,0.8661755029642287,Sanctions and energy,%,90
sanctions_energy_tone,2022-02-24,61,-0.18914539325214874,-0.6324998689880271,0.25420908248372964,0.4030526010380031,0.03286995085104329,0.29194790010949756,Sanctions and energy,AvgTone,30
sanctions_energy_tone,2022-02-24,115,-0.005335400583705574,-0.3657940132040075,0.35512321203659636,0.9768555513075328,0.01995464266195491,0.31732814174973,Sanctions and energy,AvgTone,60
sanctions_energy_tone,2022-02-24,145,-0.04961745060383216,-0.4257202827228926,0.32648538151522827,0.7959643780730437,0.021782884488571123,0.315069931110589,Sanctions and energy,AvgTone,90
