event,lag_bin,effect_pct,ci_low_pct,ci_high_pct,p_value,p_value_fdr,topic
Вторжение России в Украину,0–7,58.58631139069992,20.22769526743619,109.18323440006792,0.0010988892620732427,0.0047951531435923315,nuclear_power
Вторжение России в Украину,8–14,73.16966206013291,29.78494131778856,131.05709763810992,0.00019007959980199625,0.0010137578656106466,nuclear_power
Вторжение России в Украину,15–30,37.26131122565846,-13.506333622324233,117.8271351929868,0.17888944092718606,0.2769901020808042,nuclear_power
Эмбарго США,0–7,-4.078575838152936,-38.433280783400306,49.44631986750748,0.853962203812479,0.8910909952825868,nuclear_power
Эмбарго США,8–14,-29.957495651931215,-55.38751496905299,9.9681493184262,0.12183159979174989,0.21658951074088867,nuclear_power
Эмбарго США,15–30,-3.0085165127002793,-18.121989404861633,14.894680521533216,0.7237498390485858,0.793333843691652,nuclear_power
План REPowerEU,0–7,-9.594377455686567,-16.683129501955605,-1.9025013929596288,0.015475186164471933,0.043694643287920755,nuclear_power
План REPowerEU,8–14,-29.870758347308772,-35.266007172446365,-24.025842992830228,3.703558440044387e-18,1.7777080512213056e-16,nuclear_power
План REPowerEU,15–30,-16.194850445921062,-24.933418366181375,-6.439018016807715,0.001662919573689184,0.005321342635805389,nuclear_power
Взрывы Nord Stream,0–7,-5.463917352409134,-15.16767502493811,5.349828912261407,0.30922573571078815,0.43655397982699506,nuclear_power
Взрывы Nord Stream,8–14,-3.6382316243365116,-15.324000631698759,9.66023989982117,0.5741949254222776,0.7449015248721439,nuclear_power
Взрывы Nord Stream,15–30,-2.1459644199636467,-11.801958035135325,8.567175256720141,0.6823498530407397,0.793333843691652,nuclear_power
Введение потолка цен,0–7,-7.269963002750407,-16.19234979795569,2.6023249760739326,0.14366391908935275,0.23259462629575242,nuclear_power
Введение потолка цен,8–14,2.2664148446362797,-9.83374280284692,15.990392972699096,0.727222690050681,0.793333843691652,nuclear_power
Введение потолка цен,15–30,-21.46039133225781,-29.52341355681375,-12.47490207751885,1.2371110038506221e-05,9.896888030804977e-05,nuclear_power
Объявление ОПЕК+,0–7,27.554964688458032,14.404895280664151,42.21654568852748,1.163981529693531e-05,9.896888030804977e-05,nuclear_power
Объявление ОПЕК+,8–14,106.41083810823169,51.30045828549965,181.5948779755009,4.80561845991881e-06,5.766742151902572e-05,nuclear_power
Объявление ОПЕК+,15–30,9.724666585080383,-0.6518681761869323,21.1849909624699,0.06710514268117991,0.14641122039530163,nuclear_power
Нападение ХАМАС,0–7,-12.169121249549928,-18.97649667183464,-4.789808571574898,0.0016188230495504728,0.005321342635805389,nuclear_power
Нападение ХАМАС,8–14,-19.95116625039584,-29.421549929739683,-9.210024047101724,0.0005321108510473975,0.002554132085027508,nuclear_power
Нападение ХАМАС,15–30,-22.237327589774665,-29.287041323354217,-14.484794109213803,2.1343777555841305e-07,3.4150044089346083e-06,nuclear_power
12-й пакет санкций ЕС,0–7,-9.928438883317456,-20.635155782198904,2.2226680081683208,0.10533510296494479,0.19446480547374423,nuclear_power
12-й пакет санкций ЕС,8–14,-1.7141202962307176,-9.855178085410689,7.162163549411642,0.695104416087863,0.793333843691652,nuclear_power
12-й пакет санкций ЕС,15–30,-11.937381141858836,-18.47256236961275,-4.878344449970122,0.001232371507672809,0.004929486030691236,nuclear_power
Вторжение России в Украину,0–7,0.18868543617634218,-4.417420333643971,5.0167585397600885,0.9374274143337453,0.9573726784685058,green_energy
Вторжение России в Украину,8–14,4.008171943780869,-0.5393413641558085,8.763605424070082,0.0849049947707934,0.16301758995992333,green_energy
Вторжение России в Украину,15–30,-1.2462284484764665,-5.689313513716298,3.406175471629598,0.5933893390930932,0.7495444283281177,green_energy
Эмбарго США,0–7,6.52074700564816,-0.03534559679599401,13.506815087609853,0.05128441278515755,0.11722151493750298,green_energy
Эмбарго США,8–14,0.555730517929319,-4.812716466999021,6.226951381471332,0.8430629547147511,0.8910909952825868,green_energy
Эмбарго США,15–30,4.417709879368623,-0.3677735138858893,9.4330471272924,0.07090818669104257,0.14669224282775256,green_energy
План REPowerEU,0–7,1.2654110096417603,-4.89947931779864,7.829940292544594,0.6947671582382133,0.793333843691652,green_energy
План REPowerEU,8–14,-6.14998390169399,-9.754004893483485,-2.4020344475508097,0.0014882828047982812,0.005321342635805389,green_energy
План REPowerEU,15–30,-4.961839544587739,-8.297087268507711,-1.5052883958519807,0.005235935007082452,0.015707805021247356,green_energy
Взрывы Nord Stream,0–7,-7.39490099199307,-10.820141280042863,-3.8381032962586463,6.461165313268621e-05,0.00039038208982492125,green_energy
Взрывы Nord Stream,8–14,-10.351915275194902,-13.552621855353827,-7.032702815133739,3.8305792699050646e-09,9.193390247772155e-08,green_energy
Взрывы Nord Stream,15–30,-2.1016076205200656,-5.450663846376965,1.3660763827516529,0.23169968570244737,0.34754952855367105,green_energy
Введение потолка цен,0–7,-1.6794982470246924,-5.912160190072328,2.7435754129920626,0.45059138752451666,0.6179539028907657,green_energy
Введение потолка цен,8–14,-1.0234793448035118,-5.554158532230426,3.7245419042787957,0.6669560021605543,0.793333843691652,green_energy
Введение потолка цен,15–30,-14.201104778387208,-20.414141112126398,-7.503034783847184,6.506368163748688e-05,0.00039038208982492125,green_energy
Объявление ОПЕК+,0–7,-3.5500968143710026,-8.130638114061991,1.2588270294833452,0.14537164143484527,0.23259462629575242,green_energy
Объявление ОПЕК+,8–14,18.529679414002818,1.928146701312942,37.83518445749699,0.02723968789489769,0.07139232276223025,green_energy
Объявление ОПЕК+,15–30,3.5506192414007236,-2.6116911079652763,10.102853897636061,0.26502509585431355,0.38549104851536514,green_energy
Нападение ХАМАС,0–7,4.281669640475092,0.44758112262572514,8.262105482952995,0.028259461093382808,0.07139232276223025,green_energy
Нападение ХАМАС,8–14,1.3817636390621213,-2.3695590057563307,5.2772259747620005,0.4756112298293428,0.6341483064391237,green_energy
Нападение ХАМАС,15–30,-0.017112451711164812,-5.2971197879074055,5.5572732329349925,0.9950670588625685,0.9950670588625684,green_energy
12-й пакет санкций ЕС,0–7,-7.993958191923806,-17.6515081733693,2.7961962802083753,0.14086723907207702,0.23259462629575242,green_energy
12-й пакет санкций ЕС,8–14,-7.9612119631303475,-15.950563809005427,0.7875708296952935,0.07334612141387628,0.14669224282775256,green_energy
12-й пакет санкций ЕС,15–30,4.461252269228371,-0.0051069748858907785,9.127105350417642,0.05026413960263688,0.11722151493750298,green_energy
