country_code,article_count
RS,29672882
CH,21004463
UP,18912777
IN,4617278
AS,3720825
FR,3676989
IR,3522306
SA,3054644
JA,2890188
GR,2288592
ID,2098703
EG,2003673
NI,1690074
PL,1616179
TW,1539924
PK,1383213
IZ,1206883
SW,1105651
SY,1099965
NO,1015391
RO,990764
HU,973517
SZ,921941
TH,826914
FI,792940
BO,704279
KZ,703657
SF,678907
BU,649462
RP,609908
EZ,600261
NZ,555744
BG,544105
DA,536439
LY,527456
LH,494707
KE,477058
AF,471727
AE,445770
BE,416670
AM,405717
CE,401828
MD,401364
SU,380839
RI,380610
AG,352744
CY,332618
KN,313275
JO,285944
MG,250185
NP,232527
ET,224958
EN,215413
MU,215214
NG,205498
LG,196260
SO,184667
KG,165099
CB,163861
TS,163539
CF,161760
UG,161386
ZI,160134
TX,140814
AL,140415
MK,137125
TZ,135422
MZ,134871
RW,124703
ZA,117933
LA,108600
WA,99966
OD,93716
TI,92861
FJ,86504
GG,86147
MP,84333
CM,78567
MI,77472
MA,72872
CD,72136
KV,70688
PP,63022
BP,56829
MV,54951
BM,43982
NH,43735
TV,42123
BC,29038
EK,24791
ER,24508
BY,23254
SV,22499
CT,22257
CG,20657
RM,19964
PS,19504
FM,10979
IO,1000
CR,1
